<rss version="2.0">
<channel>
  <title>Samuel's Blog</title>
  <link>http://your-domain-name.com</link>
  <description>A blog by Samuel Pepys</description>
  <language>en-gb</language>    <item>
      <pubDate>Sun, 03 Apr 2005 15:30:00 GMT</pubDate>
      <title>Knight of the Burning Pestle</title>
      <link>http://your-domain-name.com/post.php?post_id=2</link>
      <description><![CDATA[<p>News of the fleet and an afternoon with Mrs. Turner to see a dreadful play.</p>]]></description>
    </item>
    <item>
      <pubDate>Mon, 28 Mar 2005 22:15:00 GMT</pubDate>
      <title>Paying my debts</title>
      <link>http://your-domain-name.com/post.php?post_id=4</link>
      <description><![CDATA[<p>Paying my debts and thence to Covent Garden and an Italian puppet play.</p>]]></description>
    </item>
    <item>
      <pubDate>Sat, 01 May 2004 23:10:00 GMT</pubDate>
      <title>Bad arm</title>
      <link>http://your-domain-name.com/post.php?post_id=3</link>
      <description><![CDATA[<p>My arme not being well, I staid within all the morning.</p>]]></description>
    </item>
  </channel>
</rss>